Participant,TimeOfDay,TimeSinceStartOfExperiment,JumpNoJump,LeaningGamepad,Interface,TrialNo,PathID,LocationALongPath,TotalPointing,PointingCounterFromLocation,Trivial,TargetID,Controller Position X,Controller Position Y,Controller Position Z,Target Position X,Target Position Y,Target Position Z,Target Yaw,Target Pitch, Pointing Yaw, Pointing Pitch,Signed Pointing Error Yaw, Signed Pointing Error Pitch,Absolute Pointing Error Yaw, Absolute Pointing Error Pitch,Pointing Time,Correct distance in 3D,Distance Estimate,Signed Distance Estimate Error,Absolute Distance Estimate Error
P01,2021-03-11 9:23:13 AM,14.62112,,,Controller,1,A,1,4,1,yes,bench (UnityEngine.AudioClip),-240.5402,10.78511,24.56551,-7.804039,6.22,-15.4706,350.2393,-1.107449,75.35271,3.740389,85.1134,-4.847838,85.1134,4.847838,0.01185,236.1987,0.04000283,236.1587,236.1587
P01,2021-03-11 9:23:13 AM,14.63297,,,Controller,1,A,1,4,1,yes,bench (UnityEngine.AudioClip),-240.5399,10.78532,24.56541,-7.804039,6.22,-15.4706,350.2393,-1.107501,75.20376,3.970286,84.96445,-5.077787,84.96445,5.077787,0.0256388,236.1984,0.04000188,236.1584,236.1584
P01,2021-03-11 9:23:13 AM,14.64676,,,Controller,1,A,1,4,1,yes,bench (UnityEngine.AudioClip),-240.5397,10.78564,24.56531,-7.804039,6.22,-15.4706,350.2393,-1.107579,75.11895,4.206496,84.87964,-5.314075,84.87964,5.314075,0.039624,236.1982,0.04000351,236.1582,236.1582
P01,2021-03-11 9:23:13 AM,14.66074,,,Controller,1,A,1,4,1,yes,bench (UnityEngine.AudioClip),-240.5397,10.78596,24.56521,-7.804039,6.22,-15.4706,350.2393,-1.107657,75.10364,4.387014,84.86429,-5.494671,84.86429,5.494671,0.0533506,236.1982,0.04000584,236.1582,236.1582
P01,2021-03-11 9:23:13 AM,14.67447,,,Controller,1,A,1,4,1,yes,bench (UnityEngine.AudioClip),-240.5398,10.78625,24.56515,-7.804039,6.22,-15.4706,350.2394,-1.107728,75.14846,4.54436,84.90909,-5.652087,84.90909,5.652087,0.06726599,236.1984,0.04000657,236.1584,236.1584
P01,2021-03-11 9:23:13 AM,14.68838,,,Controller,1,A,1,4,1,yes,bench (UnityEngine.AudioClip),-240.54,10.78649,24.56506,-7.804039,6.22,-15.4706,350.2394,-1.107784,75.17892,4.655001,84.93951,-5.762784,84.93951,5.762784,0.0815706,236.1985,0.04000888,236.1585,236.1585
P01,2021-03-11 9:23:13 AM,14.70269,,,Controller,1,A,1,4,1,yes,bench (UnityEngine.AudioClip),-240.54,10.78649,24.56503,-7.804039,6.22,-15.4706,350.2394,-1.107784,75.17799,4.636523,84.9386,-5.744308,84.9386,5.744308,0.09505589,236.1985,0.04000787,236.1585,236.1585
P01,2021-03-11 9:23:13 AM,14.71617,,,Controller,1,A,1,4,1,yes,bench (UnityEngine.AudioClip),-240.54,10.78641,24.56502,-7.804039,6.22,-15.4706,350.2394,-1.107765,75.14891,4.581202,84.90948,-5.688967,84.90948,5.688967,0.1090273,236.1985,0.04000686,236.1585,236.1585
P01,2021-03-11 9:23:13 AM,14.73014,,,Controller,1,A,1,4,1,yes,bench (UnityEngine.AudioClip),-240.54,10.78637,24.56499,-7.804039,6.22,-15.4706,350.2394,-1.107754,75.11992,4.544546,84.88049,-5.6523,84.88049,5.6523,0.1229768,236.1985,0.04000505,236.1585,236.1585
P01,2021-03-11 9:23:13 AM,14.74409,,,Controller,1,A,1,4,1,yes,bench (UnityEngine.AudioClip),-240.54,10.78636,24.56502,-7.804039,6.22,-15.4706,350.2394,-1.107754,75.1261,4.534637,84.88669,-5.64239,84.88669,5.64239,0.1371637,236.1985,0.04000635,236.1585,236.1585
P01,2021-03-11 9:23:13 AM,14.75828,,,Controller,1,A,1,4,1,yes,bench (UnityEngine.AudioClip),-240.54,10.78625,24.56507,-7.804039,6.22,-15.4706,350.2394,-1.107726,75.1394,4.473782,84.89999,-5.581508,84.89999,5.581508,0.150945,236.1985,0.04000466,236.1585,236.1585
P01,2021-03-11 9:23:13 AM,14.77206,,,Controller,1,A,1,4,1,yes,bench (UnityEngine.AudioClip),-240.5401,10.78604,24.56513,-7.804039,6.22,-15.4706,350.2394,-1.107675,75.16509,4.374897,84.92572,-5.482572,84.92572,5.482572,0.1650045,236.1986,0.04000464,236.1586,236.1586
P01,2021-03-11 9:23:13 AM,14.78612,,,Controller,1,A,1,4,1,yes,bench (UnityEngine.AudioClip),-240.5401,10.78581,24.56524,-7.804039,6.22,-15.4706,350.2394,-1.107618,75.25565,4.240969,85.01627,-5.348587,85.01627,5.348587,0.1787091,236.1987,0.04000412,236.1587,236.1587
P01,2021-03-11 9:23:13 AM,14.79982,,,Controller,1,A,1,4,1,yes,bench (UnityEngine.AudioClip),-240.5401,10.78567,24.56524,-7.804039,6.22,-15.4706,350.2394,-1.107585,75.24475,4.167454,85.00537,-5.27504,85.00537,5.27504,0.1926464,236.1986,0.04000605,236.1586,236.1586
P01,2021-03-11 9:23:13 AM,14.81376,,,Controller,1,A,1,4,1,yes,bench (UnityEngine.AudioClip),-240.5399,10.78547,24.56524,-7.804039,6.22,-15.4706,350.2393,-1.107537,75.19505,4.086883,84.95569,-5.19442,84.95569,5.19442,0.2065653,236.1985,0.04000425,236.1584,236.1584
P01,2021-03-11 9:23:13 AM,14.82768,,,Controller,1,A,1,4,1,yes,bench (UnityEngine.AudioClip),-240.5398,10.78529,24.56525,-7.804039,6.22,-15.4706,350.2393,-1.107493,75.13187,4.008147,84.89252,-5.11564,84.89252,5.11564,0.2205105,236.1983,0.04000469,236.1583,236.1583
P01,2021-03-11 9:23:13 AM,14.84163,,,Controller,1,A,1,4,1,yes,bench (UnityEngine.AudioClip),-240.5396,10.78517,24.56528,-7.804039,6.22,-15.4706,350.2393,-1.107465,75.06376,3.988998,84.8244,-5.096463,84.8244,5.096463,0.2348924,236.1981,0.04000448,236.1581,236.1581
P01,2021-03-11 9:23:13 AM,14.85601,,,Controller,1,A,1,4,1,yes,bench (UnityEngine.AudioClip),-240.5394,10.78502,24.56536,-7.804039,6.22,-15.4706,350.2393,-1.107429,75.02426,3.956103,84.78494,-5.063531,84.78494,5.063531,0.2484556,236.198,0.04000525,236.158,236.158
P01,2021-03-11 9:23:13 AM,14.86957,,,Controller,1,A,1,4,1,yes,bench (UnityEngine.AudioClip),-240.5393,10.78473,24.56555,-7.804039,6.22,-15.4706,350.2393,-1.10736,75.02444,3.860888,84.78519,-4.968247,84.78519,4.968247,0.2626512,236.1978,0.04000437,236.1578,236.1578
P01,2021-03-11 9:23:13 AM,14.88377,,,Controller,1,A,1,4,1,yes,bench (UnityEngine.AudioClip),-240.5392,10.78444,24.56572,-7.804039,6.22,-15.4706,350.2392,-1.107291,75.03652,3.741895,84.79733,-4.849186,84.79733,4.849186,0.2762857,236.1977,0.04000621,236.1577,236.1577
P01,2021-03-11 9:23:13 AM,14.8974,,,Controller,1,A,1,4,1,yes,bench (UnityEngine.AudioClip),-240.539,10.78418,24.56587,-7.804039,6.22,-15.4706,350.2392,-1.107228,75.01532,3.624726,84.77615,-4.731955,84.77615,4.731955,0.2902526,236.1976,0.04000671,236.1576,236.1576
P01,2021-03-11 9:23:13 AM,14.91137,,,Controller,1,A,1,4,1,yes,bench (UnityEngine.AudioClip),-240.5388,10.78398,24.56595,-7.804039,6.22,-15.4706,350.2391,-1.10718,74.94838,3.535817,84.70923,-4.642997,84.70923,4.642997,0.3042052,236.1974,0.04000734,236.1574,236.1574
P01,2021-03-11 9:23:13 AM,14.92532,,,Controller,1,A,1,4,1,yes,bench (UnityEngine.AudioClip),-240.5385,10.78379,24.56602,-7.804039,6.22,-15.4706,350.2391,-1.107134,74.88359,3.449332,84.64447,-4.556467,84.64447,4.556467,0.3181167,236.1972,0.04000824,236.1572,236.1572
P01,2021-03-11 9:23:13 AM,14.93923,,,Controller,1,A,1,4,1,yes,bench (UnityEngine.AudioClip),-240.5383,10.78354,24.56607,-7.804039,6.22,-15.4706,350.2391,-1.107074,74.82133,3.328602,84.58221,-4.435677,84.58221,4.435677,0.3323117,236.1969,0.04000972,236.1569,236.1569
P01,2021-03-11 9:23:13 AM,14.95343,,,Controller,1,A,1,4,1,yes,bench (UnityEngine.AudioClip),-240.5382,10.78328,24.56619,-7.804039,6.22,-15.4706,350.2391,-1.107014,74.81898,3.215455,84.5799,-4.322469,84.5799,4.322469,0.3462276,236.1968,0.04000887,236.1568,236.1568
P01,2021-03-11 9:23:13 AM,14.96734,,,Controller,1,A,1,4,1,yes,bench (UnityEngine.AudioClip),-240.5381,10.78302,24.56632,-7.804039,6.22,-15.4706,350.239,-1.106951,74.80875,3.09965,84.56973,-4.206601,84.56973,4.206601,0.3599734,236.1967,0.04001024,236.1567,236.1567
P01,2021-03-11 9:23:13 AM,14.98109,,,Controller,1,A,1,4,1,yes,bench (UnityEngine.AudioClip),-240.538,10.78276,24.56644,-7.804039,6.22,-15.4706,350.239,-1.106888,74.81689,2.992559,84.57791,-4.099447,84.57791,4.099447,0.373711,236.1967,0.04001179,236.1566,236.1566
P01,2021-03-11 9:23:13 AM,14.99483,,,Controller,1,A,1,4,1,yes,bench (UnityEngine.AudioClip),-240.5379,10.78243,24.56658,-7.804039,6.22,-15.4706,350.239,-1.106807,74.84458,2.844004,84.60562,-3.950811,84.60562,3.950811,0.3880208,236.1966,0.04001167,236.1566,236.1566
P01,2021-03-11 9:23:13 AM,15.00914,,,Controller,1,A,1,4,1,yes,bench (UnityEngine.AudioClip),-240.538,10.78223,24.56667,-7.804039,6.22,-15.4706,350.2389,-1.106758,74.92336,2.781192,84.68445,-3.887949,84.68445,3.887949,0.4016556,236.1967,0.0400141,236.1567,236.1567
P01,2021-03-11 9:23:13 AM,15.02277,,,Controller,1,A,1,4,1,yes,bench (UnityEngine.AudioClip),-240.5381,10.7821,24.56676,-7.804039,6.22,-15.4706,350.2389,-1.106728,74.99532,2.746731,84.75641,-3.853459,84.75641,3.853459,0.4158257,236.1968,0.04001391,236.1568,236.1568
P01,2021-03-11 9:23:13 AM,15.03694,,,Controller,1,A,1,4,1,yes,bench (UnityEngine.AudioClip),-240.5381,10.78188,24.56682,-7.804039,6.22,-15.4706,350.2389,-1.106674,75.01698,2.661851,84.77808,-3.768525,84.77808,3.768525,0.4296094,236.1968,0.04001267,236.1568,236.1568
P01,2021-03-11 9:23:13 AM,15.05072,,,Controller,1,A,1,4,1,yes,bench (UnityEngine.AudioClip),-240.5379,10.78157,24.56683,-7.804039,6.22,-15.4706,350.2389,-1.106598,74.96254,2.529329,84.72363,-3.635926,84.72363,3.635926,0.4433646,236.1967,0.04001088,236.1567,236.1567
P01,2021-03-11 9:23:13 AM,15.06448,,,Controller,1,A,1,4,1,yes,bench (UnityEngine.AudioClip),-240.5377,10.78125,24.56681,-7.804039,6.22,-15.4706,350.2389,-1.106522,74.85828,2.395212,84.61938,-3.501734,84.61938,3.501734,0.4574312,236.1965,0.04001205,236.1565,236.1565
P01,2021-03-11 9:23:13 AM,15.07855,,,Controller,1,A,1,4,1,yes,bench (UnityEngine.AudioClip),-240.5375,10.78105,24.56678,-7.804039,6.22,-15.4706,350.2389,-1.106475,74.74917,2.325442,84.51028,-3.431916,84.51028,3.431916,0.4715094,236.1963,0.05259812,236.1437,236.1437
P01,2021-03-11 9:23:13 AM,15.09262,,,Controller,1,A,1,4,1,yes,bench (UnityEngine.AudioClip),-240.5373,10.78086,24.56676,-7.804039,6.22,-15.4706,350.2389,-1.106429,74.61744,2.267816,84.37854,-3.374244,84.37854,3.374244,0.4927632,236.196,0.0799269,236.1161,236.1161
P01,2021-03-11 9:23:13 AM,15.11388,,,Controller,1,A,1,4,1,yes,bench (UnityEngine.AudioClip),-240.5376,10.78064,24.56703,-7.804039,6.22,-15.4706,350.2388,-1.106374,74.79305,2.142517,84.5542,-3.248891,84.5542,3.248891,0.4992467,236.1964,0.1521199,236.0443,236.0443
P01,2021-03-11 9:23:13 AM,15.12036,,,Controller,1,A,1,4,1,yes,bench (UnityEngine.AudioClip),-240.5375,10.78032,24.56705,-7.804039,6.22,-15.4706,350.2388,-1.106297,74.72956,2.011973,84.49072,-3.118269,84.49072,3.118269,0.5145968,236.1963,0.2819749,235.9143,235.9143
P01,2021-03-11 9:23:13 AM,15.13571,,,Controller,1,A,1,4,1,yes,bench (UnityEngine.AudioClip),-240.5374,10.78004,24.56708,-7.804039,6.22,-15.4706,350.2388,-1.10623,74.68681,1.88669,84.44797,-2.99292,84.44797,2.99292,0.5285276,236.1962,0.4565391,235.7396,235.7396
P01,2021-03-11 9:23:13 AM,15.14964,,,Controller,1,A,1,4,1,yes,bench (UnityEngine.AudioClip),-240.5374,10.77974,24.56718,-7.804039,6.22,-15.4706,350.2388,-1.106157,74.67418,1.746948,84.43536,-2.853105,84.43536,2.853105,0.5422479,236.1962,0.6581982,235.5379,235.5379
P01,2021-03-11 9:23:13 AM,15.16336,,,Controller,1,A,1,4,1,yes,bench (UnityEngine.AudioClip),-240.5375,10.77946,24.56737,-7.804039,6.22,-15.4706,350.2387,-1.106088,74.73077,1.595402,84.49203,-2.70149,84.49203,2.70149,0.5557929,236.1963,0.8769764,235.3193,235.3193
P01,2021-03-11 9:23:13 AM,15.17691,,,Controller,1,A,1,4,1,yes,bench (UnityEngine.AudioClip),-240.5376,10.77928,24.56753,-7.804039,6.22,-15.4706,350.2387,-1.106045,74.81253,1.509715,84.57382,-2.61576,84.57382,2.61576,0.5694585,236.1964,1.106674,235.0897,235.0897
P01,2021-03-11 9:23:13 AM,15.19057,,,Controller,1,A,1,4,1,yes,bench (UnityEngine.AudioClip),-240.5376,10.77914,24.5676,-7.804039,6.22,-15.4706,350.2387,-1.106011,74.81821,1.428759,84.5795,-2.534771,84.5795,2.534771,0.5831164,236.1964,1.343331,234.8531,234.8531
P01,2021-03-11 9:23:13 AM,15.20423,,,Controller,1,A,1,4,1,yes,bench (UnityEngine.AudioClip),-240.5375,10.77899,24.56759,-7.804039,6.22,-15.4706,350.2387,-1.105974,74.76818,1.353747,84.52948,-2.459721,84.52948,2.459721,0.596924,236.1963,1.584417,234.6119,234.6119
P01,2021-03-11 9:23:13 AM,15.21804,,,Controller,1,A,1,4,1,yes,bench (UnityEngine.AudioClip),-240.5373,10.77894,24.56754,-7.804039,6.22,-15.4706,350.2387,-1.105962,74.68266,1.325444,84.44394,-2.431406,84.44394,2.431406,0.6109083,236.1961,1.828376,234.3678,234.3678
P01,2021-03-11 9:23:13 AM,15.23202,,,Controller,1,A,1,4,1,yes,bench (UnityEngine.AudioClip),-240.5372,10.779,24.56752,-7.804039,6.22,-15.4706,350.2387,-1.105979,74.64014,1.363413,84.40143,-2.469392,84.40143,2.469392,0.6245418,236.196,2.074202,234.1218,234.1218
P01,2021-03-11 9:23:13 AM,15.24566,,,Controller,1,A,1,4,1,yes,bench (UnityEngine.AudioClip),-240.5372,10.77907,24.56751,-7.804039,6.22,-15.4706,350.2387,-1.105995,74.63057,1.39342,84.39185,-2.499415,84.39185,2.499415,0.6385347,236.196,2.321264,233.8747,233.8747
P01,2021-03-11 9:23:13 AM,15.25965,,,Controller,1,A,1,4,1,yes,bench (UnityEngine.AudioClip),-240.5372,10.77919,24.56754,-7.804039,6.22,-15.4706,350.2387,-1.106024,74.6504,1.434394,84.41168,-2.540419,84.41168,2.540419,0.6523968,236.196,2.56916,233.6269,233.6269
P01,2021-03-11 9:23:13 AM,15.27351,,,Controller,1,A,1,4,1,yes,bench (UnityEngine.AudioClip),-240.5372,10.77929,24.56753,-7.804039,6.22,-15.4706,350.2387,-1.10605,74.64511,1.476611,84.4064,-2.582661,84.4064,2.582661,0.6661633,236.196,2.817631,233.3784,233.3784
P01,2021-03-11 9:23:13 AM,15.28728,,,Controller,1,A,1,4,1,yes,bench (UnityEngine.AudioClip),-240.537,10.77935,24.5675,-7.804039,6.22,-15.4706,350.2387,-1.106063,74.58678,1.479362,84.34808,-2.585425,84.34808,2.585425,0.6801507,236.1959,3.066494,233.1294,233.1294
P01,2021-03-11 9:23:13 AM,15.30126,,,Controller,1,A,1,4,1,yes,bench (UnityEngine.AudioClip),-240.5369,10.77941,24.56745,-7.804039,6.22,-15.4706,350.2387,-1.10608,74.51594,1.489012,84.27722,-2.595091,84.27722,2.595091,0.6942402,236.1957,3.31564,232.8801,232.8801
P01,2021-03-11 9:23:14 AM,15.31535,,,Controller,1,A,1,4,1,yes,bench (UnityEngine.AudioClip),-240.5368,10.77949,24.56746,-7.804039,6.22,-15.4706,350.2387,-1.1061,74.51443,1.516803,84.27573,-2.622903,84.27573,2.622903,0.7079787,236.1957,3.564986,232.6307,232.6307
P01,2021-03-11 9:23:14 AM,15.32909,,,Controller,1,A,1,4,1,yes,bench (UnityEngine.AudioClip),-240.5368,10.77951,24.56743,-7.804039,6.22,-15.4706,350.2387,-1.106103,74.47675,1.509284,84.23804,-2.615387,84.23804,2.615387,0.7219806,236.1956,3.814481,232.3811,232.3811
P01,2021-03-11 9:23:14 AM,15.34309,,,Controller,1,A,1,4,1,yes,bench (UnityEngine.AudioClip),-240.5366,10.77943,24.56738,-7.804039,6.22,-15.4706,350.2387,-1.106085,74.38112,1.46779,84.1424,-2.573875,84.1424,2.573875,0.7358119,236.1954,4.064077,232.1314,232.1314
P01,2021-03-11 9:23:14 AM,15.35693,,,Controller,1,A,1,4,1,yes,bench (UnityEngine.AudioClip),-240.5365,10.77935,24.56735,-7.804039,6.22,-15.4706,350.2387,-1.106067,74.31374,1.429821,84.07501,-2.535889,84.07501,2.535889,0.7496716,236.1953,4.313757,231.8815,231.8815
P01,2021-03-11 9:23:14 AM,15.37079,,,Controller,1,A,1,4,1,yes,bench (UnityEngine.AudioClip),-240.5365,10.77933,24.56736,-7.804039,6.22,-15.4706,350.2387,-1.106061,74.31926,1.41905,84.08057,-2.525111,84.08057,2.525111,0.7641146,236.1953,4.563501,231.6318,231.6318
P01,2021-03-11 9:23:14 AM,15.38523,,,Controller,1,A,1,4,1,yes,bench (UnityEngine.AudioClip),-240.5367,10.77936,24.56741,-7.804039,6.22,-15.4706,350.2387,-1.106068,74.39856,1.446408,84.15985,-2.552476,84.15985,2.552476,0.7775806,236.1955,4.813293,231.3822,231.3822
P01,2021-03-11 9:23:14 AM,15.39869,,,Controller,1,A,1,4,1,yes,bench (UnityEngine.AudioClip),-240.5369,10.77936,24.56745,-7.804039,6.22,-15.4706,350.2387,-1.106067,74.46892,1.461582,84.23022,-2.567648,84.23022,2.567648,0.7915295,236.1957,5.063118,231.1326,231.1326
P01,2021-03-11 9:23:14 AM,15.41264,,,Controller,1,A,1,4,1,yes,bench (UnityEngine.AudioClip),-240.537,10.7793,24.56746,-7.804039,6.22,-15.4706,350.2387,-1.106053,74.49323,1.454398,84.25452,-2.560451,84.25452,2.560451,0.8055404,236.1958,5.312972,230.8828,230.8828
P01,2021-03-11 9:23:14 AM,15.42665,,,Controller,1,A,1,4,1,yes,bench (UnityEngine.AudioClip),-240.5371,10.77911,24.56746,-7.804039,6.22,-15.4706,350.2387,-1.106005,74.52887,1.369354,84.29016,-2.475358,84.29016,2.475358,0.8196424,236.1959,5.562849,230.633,230.633
P01,2021-03-11 9:23:14 AM,15.44076,,,Controller,1,A,1,4,1,yes,bench (UnityEngine.AudioClip),-240.5371,10.77889,24.56741,-7.804039,6.22,-15.4706,350.2387,-1.105952,74.50045,1.289935,84.26175,-2.395887,84.26175,2.395887,0.8334332,236.1959,5.81274,230.3831,230.3831
P01,2021-03-11 9:23:14 AM,15.45455,,,Controller,1,A,1,4,1,yes,bench (UnityEngine.AudioClip),-240.537,10.77869,24.56733,-7.804039,6.22,-15.4706,350.2387,-1.105905,74.41947,1.240093,84.18073,-2.345998,84.18073,2.345998,0.8476169,236.1958,6.062652,230.1331,230.1331
P01,2021-03-11 9:23:14 AM,15.46873,,,Controller,1,A,1,4,1,yes,bench (UnityEngine.AudioClip),-240.537,10.77862,24.56728,-7.804039,6.22,-15.4706,350.2387,-1.105888,74.37591,1.244559,84.13718,-2.350448,84.13718,2.350448,0.8611078,236.1958,6.312573,229.8832,229.8832
P01,2021-03-11 9:23:14 AM,15.48222,,,Controller,1,A,1,4,1,yes,bench (UnityEngine.AudioClip),-240.537,10.77867,24.56721,-7.804039,6.22,-15.4706,350.2388,-1.1059,74.33987,1.318269,84.1011,-2.42417,84.1011,2.42417,0.8753192,236.1957,6.562501,229.6332,229.6332
P01,2021-03-11 9:23:14 AM,15.49643,,,Controller,1,A,1,4,1,yes,bench (UnityEngine.AudioClip),-240.537,10.77871,24.56713,-7.804039,6.22,-15.4706,350.2388,-1.10591,74.30768,1.377966,84.06891,-2.483876,84.06891,2.483876,0.8890378,236.1957,6.812443,229.3833,229.3833
P01,2021-03-11 9:23:14 AM,15.51015,,,Controller,1,A,1,4,1,yes,bench (UnityEngine.AudioClip),-240.5371,10.77867,24.56711,-7.804039,6.22,-15.4706,350.2388,-1.1059,74.33375,1.386586,84.09494,-2.492486,84.09494,2.492486,0.9034958,236.1958,7.06239,229.1334,229.1334
P01,2021-03-11 9:23:14 AM,15.52461,,,Controller,1,A,1,4,1,yes,bench (UnityEngine.AudioClip),-240.5372,10.77853,24.5671,-7.804039,6.22,-15.4706,350.2388,-1.105865,74.35857,1.336825,84.11978,-2.442689,84.11978,2.442689,0.9168541,236.1959,7.312343,228.8836,228.8836
P01,2021-03-11 9:23:14 AM,15.53797,,,Controller,1,A,1,4,1,yes,bench (UnityEngine.AudioClip),-240.5373,10.77832,24.56712,-7.804039,6.22,-15.4706,350.2388,-1.105813,74.40948,1.252125,84.17068,-2.357938,84.17068,2.357938,0.9308209,236.196,7.562297,228.6337,228.6337
P01,2021-03-11 9:23:14 AM,15.55193,,,Controller,1,A,1,4,1,yes,bench (UnityEngine.AudioClip),-240.5375,10.77811,24.56717,-7.804039,6.22,-15.4706,350.2388,-1.105762,74.50541,1.159278,84.2666,-2.265041,84.2666,2.265041,0.9447335,236.1962,7.812259,228.384,228.384
P01,2021-03-11 9:23:14 AM,15.56585,,,Controller,1,A,1,4,1,yes,bench (UnityEngine.AudioClip),-240.5376,10.77793,24.56718,-7.804039,6.22,-15.4706,350.2388,-1.105718,74.5688,1.075159,84.33002,-2.180876,84.33002,2.180876,0.9585115,236.1964,8.059794,228.1366,228.1366
P01,2021-03-11 9:23:14 AM,15.57962,,,Controller,1,A,1,4,1,yes,bench (UnityEngine.AudioClip),-240.5376,10.77777,24.56714,-7.804039,6.22,-15.4706,350.2388,-1.105679,74.54799,1.008408,84.3092,-2.114087,84.3092,2.114087,0.9725389,236.1964,8.300471,227.8959,227.8959
P01,2021-03-11 9:23:14 AM,15.59365,,,Controller,1,A,1,4,1,yes,bench (UnityEngine.AudioClip),-240.5375,10.77765,24.56709,-7.804039,6.22,-15.4706,350.2388,-1.10565,74.50829,0.9760735,84.26947,-2.081724,84.26947,2.081724,0.9866151,236.1962,8.532708,227.6635,227.6635
P01,2021-03-11 9:23:14 AM,15.60773,,,Controller,1,A,1,4,1,yes,bench (UnityEngine.AudioClip),-240.5374,10.77755,24.56707,-7.804039,6.22,-15.4706,350.2388,-1.105626,74.47172,0.9474519,84.23288,-2.053078,84.23288,2.053078,1.00053,236.1962,8.736579,227.4596,227.4596
P01,2021-03-11 9:23:14 AM,15.62164,,,Controller,1,A,1,4,1,yes,bench (UnityEngine.AudioClip),-240.5374,10.77744,24.56709,-7.804039,6.22,-15.4706,350.2388,-1.105599,74.47483,0.9154713,84.23602,-2.02107,84.23602,2.02107,1.014322,236.1961,8.908412,227.2877,227.2877
P01,2021-03-11 9:23:14 AM,15.63544,,,Controller,1,A,1,4,1,yes,bench (UnityEngine.AudioClip),-240.5373,10.77752,24.56706,-7.804039,6.22,-15.4706,350.2388,-1.105619,74.43809,0.970727,84.19928,-2.076346,84.19928,2.076346,1.028696,236.196,9.046798,227.1492,227.1492
P01,2021-03-11 9:23:14 AM,15.64981,,,Controller,1,A,1,4,1,yes,bench (UnityEngine.AudioClip),-240.5371,10.77746,24.5671,-7.804039,6.22,-15.4706,350.2388,-1.105606,74.41566,0.9584376,84.17685,-2.064044,84.17685,2.064044,1.042385,236.1958,9.137303,227.0585,227.0585
P01,2021-03-11 9:23:14 AM,15.6635,,,Controller,1,A,1,4,1,yes,bench (UnityEngine.AudioClip),-240.5369,10.77756,24.56705,-7.804039,6.22,-15.4706,350.2388,-1.105631,74.32269,1.00118,84.08389,-2.106811,84.08389,2.106811,1.055961,236.1956,9.194092,227.0015,227.0015
P01,2021-03-11 9:23:14 AM,15.67707,,,Controller,1,A,1,4,1,yes,bench (UnityEngine.AudioClip),-240.5367,10.77765,24.567,-7.804039,6.22,-15.4706,350.2388,-1.105654,74.24599,1.046001,84.0072,-2.151655,84.0072,2.151655,1.070041,236.1954,9.228746,226.9666,226.9666
P01,2021-03-11 9:23:14 AM,15.69115,,,Controller,1,A,1,4,1,yes,bench (UnityEngine.AudioClip),-240.5365,10.77771,24.56699,-7.804039,6.22,-15.4706,350.2388,-1.10567,74.1994,1.069987,83.9606,-2.175657,83.9606,2.175657,1.083979,236.1952,9.249274,226.9459,226.9459
P01,2021-03-11 9:23:14 AM,15.70509,,,Controller,1,A,1,4,1,yes,bench (UnityEngine.AudioClip),-240.5364,10.7777,24.56703,-7.804039,6.22,-15.4706,350.2388,-1.105668,74.20056,1.055089,83.96176,-2.160757,83.96176,2.160757,1.097801,236.1952,9.260852,226.9343,226.9343
P01,2021-03-11 9:23:14 AM,15.71891,,,Controller,1,A,1,4,1,yes,bench (UnityEngine.AudioClip),-240.5363,10.77764,24.56708,-7.804039,6.22,-15.4706,350.2388,-1.105654,74.18291,0.996349,83.94415,-2.102003,83.94415,2.102003,1.118793,236.195,9.266801,226.9282,226.9282
P01,2021-03-11 9:23:14 AM,15.73991,,,Controller,1,A,1,4,1,yes,bench (UnityEngine.AudioClip),-240.5362,10.77757,24.56709,-7.804039,6.22,-15.4706,350.2388,-1.105635,74.17132,0.9358019,83.93256,-2.041437,83.93256,2.041437,1.125771,236.1949,9.269146,226.9258,226.9258
P01,2021-03-11 9:23:14 AM,15.74688,,,Controller,1,A,1,4,1,yes,bench (UnityEngine.AudioClip),-240.5361,10.77755,24.56709,-7.804039,6.22,-15.4706,350.2388,-1.105632,74.15367,0.8955392,83.91492,-2.001171,83.91492,2.001171,1.141219,236.1948,9.269163,226.9257,226.9257
P01,2021-03-11 9:23:14 AM,15.76233,,,Controller,1,A,1,4,1,yes,bench (UnityEngine.AudioClip),-240.5361,10.77762,24.56712,-7.804039,6.22,-15.4706,350.2387,-1.105649,74.15415,0.9062698,83.91541,-2.011919,83.91541,2.011919,1.155357,236.1948,9.269166,226.9256,226.9256
P01,2021-03-11 9:23:14 AM,15.77647,,,Controller,1,A,1,4,1,yes,bench (UnityEngine.AudioClip),-240.5361,10.77771,24.56714,-7.804039,6.22,-15.4706,350.2387,-1.105672,74.17239,0.9392536,83.93365,-2.044925,83.93365,2.044925,1.168879,236.1948,9.269162,226.9257,226.9257
P01,2021-03-11 9:23:14 AM,15.78999,,,Controller,1,A,1,4,1,yes,bench (UnityEngine.AudioClip),-240.5362,10.77778,24.56718,-7.804039,6.22,-15.4706,350.2387,-1.105688,74.21454,0.9620492,83.9758,-2.067737,83.9758,2.067737,1.18237,236.1949,9.269164,226.9258,226.9258
P01,2021-03-11 9:23:14 AM,15.80348,,,Controller,1,A,1,4,1,yes,bench (UnityEngine.AudioClip),-240.5363,10.77778,24.56723,-7.804039,6.22,-15.4706,350.2387,-1.105687,74.28902,0.9412902,84.05029,-2.046977,84.05029,2.046977,1.196131,236.1951,9.269165,226.9259,226.9259
P01,2021-03-11 9:23:14 AM,15.81724,,,Controller,1,A,1,4,1,yes,bench (UnityEngine.AudioClip),-240.5365,10.77777,24.56725,-7.804039,6.22,-15.4706,350.2387,-1.105683,74.38362,0.9066164,84.1449,-2.0123,84.1449,2.0123,1.20998,236.1953,9.269166,226.9261,226.9261
P01,2021-03-11 9:23:14 AM,15.83109,,,Controller,1,A,1,4,1,yes,bench (UnityEngine.AudioClip),-240.5367,10.77784,24.56721,-7.804039,6.22,-15.4706,350.2388,-1.1057,74.43347,0.9144651,84.1947,-2.020165,84.1947,2.020165,1.223653,236.1954,9.269171,226.9263,226.9263
P01,2021-03-11 9:23:14 AM,15.84477,,,Controller,1,A,1,4,1,yes,bench (UnityEngine.AudioClip),-240.5368,10.77798,24.56717,-7.804039,6.22,-15.4706,350.2388,-1.105733,74.49084,0.9431602,84.25208,-2.048893,84.25208,2.048893,1.237558,236.1956,9.269171,226.9264,226.9264
P01,2021-03-11 9:23:14 AM,15.85867,,,Controller,1,A,1,4,1,yes,bench (UnityEngine.AudioClip),-240.5369,10.77805,24.56713,-7.804039,6.22,-15.4706,350.2388,-1.10575,74.52586,0.9595421,84.28708,-2.065292,84.28708,2.065292,1.251236,236.1957,9.269174,226.9265,226.9265
P01,2021-03-11 9:23:14 AM,15.87235,,,Controller,1,A,1,4,1,yes,bench (UnityEngine.AudioClip),-240.537,10.77805,24.56711,-7.804039,6.22,-15.4706,350.2388,-1.105749,74.55993,0.947732,84.32114,-2.053481,84.32114,2.053481,1.265123,236.1958,9.269176,226.9266,226.9266
P01,2021-03-11 9:23:14 AM,15.88624,,,Controller,1,A,1,4,1,yes,bench (UnityEngine.AudioClip),-240.5371,10.778,24.56708,-7.804039,6.22,-15.4706,350.2388,-1.105737,74.58221,0.9051803,84.34341,-2.010917,84.34341,2.010917,1.279081,236.1958,9.269175,226.9267,226.9267
P01,2021-03-11 9:23:14 AM,15.90019,,,Controller,1,A,1,4,1,yes,bench (UnityEngine.AudioClip),-240.5372,10.77792,24.56707,-7.804039,6.22,-15.4706,350.2388,-1.105717,74.6227,0.8508683,84.38391,-1.956586,84.38391,1.956586,1.2937,236.1959,9.269175,226.9268,226.9268
P01,2021-03-11 9:23:14 AM,15.91481,,,Controller,1,A,1,4,1,yes,bench (UnityEngine.AudioClip),-240.5373,10.77786,24.56709,-7.804039,6.22,-15.4706,350.2388,-1.105703,74.66193,0.8168817,84.42313,-1.922584,84.42313,1.922584,1.307283,236.196,9.269174,226.9269,226.9269
P01,2021-03-11 9:23:14 AM,15.9284,,,Controller,1,A,1,4,1,yes,bench (UnityEngine.AudioClip),-240.5374,10.7778,24.56717,-7.804039,6.22,-15.4706,350.2388,-1.105686,74.69349,0.7981035,84.45468,-1.90379,84.45468,1.90379,1.320943,236.1961,9.269174,226.9269,226.9269
P01,2021-03-11 9:23:14 AM,15.94206,,,Controller,1,A,1,4,1,yes,bench (UnityEngine.AudioClip),-240.5374,10.77776,24.56722,-7.804039,6.22,-15.4706,350.2388,-1.105676,74.71062,0.7975353,84.47186,-1.903211,84.47186,1.903211,1.33457,236.1962,9.269176,226.927,226.927
P01,2021-03-11 9:23:14 AM,15.95568,,,Controller,1,A,1,4,1,yes,bench (UnityEngine.AudioClip),-240.5375,10.77762,24.56732,-7.804039,6.22,-15.4706,350.2388,-1.105643,74.72966,0.7586001,84.49091,-1.864243,84.49091,1.864243,1.348769,236.1963,9.269179,226.9271,226.9271
P01,2021-03-11 9:23:14 AM,15.96988,,,Controller,1,A,1,4,1,yes,bench (UnityEngine.AudioClip),-240.5376,10.77749,24.56737,-7.804039,6.22,-15.4706,350.2387,-1.10561,74.74269,0.7054449,84.50397,-1.811055,84.50397,1.811055,1.362329,236.1963,9.26918,226.9271,226.9271
P01,2021-03-11 9:23:14 AM,15.98344,,,Controller,1,A,1,4,1,yes,bench (UnityEngine.AudioClip),-240.5376,10.77741,24.56739,-7.804039,6.22,-15.4706,350.2387,-1.105592,74.73222,0.688845,84.49347,-1.794437,84.49347,1.794437,1.376289,236.1964,9.26918,226.9272,226.9272
P01,2021-03-11 9:23:14 AM,15.9974,,,Controller,1,A,1,4,1,yes,bench (UnityEngine.AudioClip),-240.5376,10.77736,24.56739,-7.804039,6.22,-15.4706,350.2387,-1.105578,74.71998,0.6647695,84.48123,-1.770347,84.48123,1.770347,1.390191,236.1964,9.269178,226.9272,226.9272
P01,2021-03-11 9:23:14 AM,16.0113,,,Controller,1,A,1,4,1,yes,bench (UnityEngine.AudioClip),-240.5376,10.77729,24.56737,-7.804039,6.22,-15.4706,350.2388,-1.105563,74.69672,0.6402253,84.45795,-1.745788,84.45795,1.745788,1.404039,236.1964,9.269179,226.9272,226.9272
P01,2021-03-11 9:23:14 AM,16.02515,,,Controller,1,A,1,4,1,yes,bench (UnityEngine.AudioClip),-240.5376,10.77728,24.56736,-7.804039,6.22,-15.4706,350.2388,-1.10556,74.66002,0.6377253,84.42126,-1.743285,84.42126,1.743285,1.418129,236.1964,9.26918,226.9272,226.9272
P01,2021-03-11 9:23:14 AM,16.03924,,,Controller,1,A,1,4,1,yes,bench (UnityEngine.AudioClip),-240.5376,10.77727,24.56737,-7.804039,6.22,-15.4706,350.2388,-1.105557,74.63148,0.6413464,84.3927,-1.746904,84.3927,1.746904,1.431995,236.1964,9.269182,226.9272,226.9272
P01,2021-03-11 9:23:14 AM,16.05311,,,Controller,1,A,1,4,1,yes,bench (UnityEngine.AudioClip),-240.5377,10.77729,24.56738,-7.804039,6.22,-15.4706,350.2388,-1.105562,74.61438,0.6554264,84.37561,-1.760988,84.37561,1.760988,1.445963,236.1964,9.269177,226.9273,226.9273
P01,2021-03-11 9:23:14 AM,16.06708,,,Controller,1,A,1,4,1,yes,bench (UnityEngine.AudioClip),-240.5378,10.77736,24.5674,-7.804039,6.22,-15.4706,350.2387,-1.105579,74.61479,0.6975533,84.37604,-1.803132,84.37604,1.803132,1.459961,236.1965,9.269176,226.9273,226.9273
P01,2021-03-11 9:23:14 AM,16.08107,,,Controller,1,A,1,4,1,yes,bench (UnityEngine.AudioClip),-240.5379,10.77745,24.56751,-7.804039,6.22,-15.4706,350.2387,-1.1056,74.68687,0.767755,84.44812,-1.873355,84.44812,1.873355,1.474039,236.1967,9.269177,226.9275,226.9275
P01,2021-03-11 9:23:16 AM,17.72363,,,Controller,1,A,1,6,2,yes,dumpster (UnityEngine.AudioClip),-240.7032,10.73429,24.51465,-7.804039,6.22,-15.4706,350.2581,-1.094419,113.9977,-4.315055,123.7396,3.220636,123.7396,3.220636,0.0132711,236.3498,0.03999854,236.3098,236.3098
P01,2021-03-11 9:23:16 AM,17.7369,,,Controller,1,A,1,6,2,yes,dumpster (UnityEngine.AudioClip),-240.7037,10.73431,24.51444,-7.804039,6.22,-15.4706,350.2582,-1.094421,114.1416,-4.17414,123.8834,3.079719,123.8834,3.079719,0.0272087,236.3503,0.03999723,236.3103,236.3103
P01,2021-03-11 9:23:16 AM,17.75084,,,Controller,1,A,1,6,2,yes,dumpster (UnityEngine.AudioClip),-240.7043,10.73464,24.51396,-7.804039,6.22,-15.4706,350.2584,-1.094498,114.3655,-3.92033,124.1071,2.825832,124.1071,2.825832,0.0411899,236.3508,0.03999873,236.3108,236.3108
P01,2021-03-11 9:23:16 AM,17.76482,,,Controller,1,A,1,6,2,yes,dumpster (UnityEngine.AudioClip),-240.7048,10.73512,24.51344,-7.804039,6.22,-15.4706,350.2585,-1.094614,114.5586,-3.627865,124.3,2.53325,124.3,2.53325,0.0554725,236.3512,0.03999587,236.3112,236.3112
P01,2021-03-11 9:23:16 AM,17.7791,,,Controller,1,A,1,6,2,yes,dumpster (UnityEngine.AudioClip),-240.7051,10.73544,24.51292,-7.804039,6.22,-15.4706,350.2586,-1.09469,114.7193,-3.443011,124.4606,2.34832,124.4606,2.34832,0.0692697,236.3514,0.03999603,236.3114,236.3114
P01,2021-03-11 9:23:16 AM,17.7929,,,Controller,1,A,1,6,2,yes,dumpster (UnityEngine.AudioClip),-240.7054,10.73562,24.51243,-7.804039,6.22,-15.4706,350.2588,-1.094732,114.8708,-3.345604,124.612,2.250872,124.612,2.250872,0.083264,236.3516,0.03999403,236.3116,236.3116
P01,2021-03-11 9:23:16 AM,17.8069,,,Controller,1,A,1,6,2,yes,dumpster (UnityEngine.AudioClip),-240.7055,10.73576,24.51213,-7.804039,6.22,-15.4706,350.2589,-1.094765,114.9211,-3.248596,124.6622,2.153831,124.6622,2.153831,0.0971741,236.3517,0.03999259,236.3117,236.3117
P01,2021-03-11 9:23:16 AM,17.82081,,,Controller,1,A,1,6,2,yes,dumpster (UnityEngine.AudioClip),-240.7055,10.73592,24.51184,-7.804039,6.22,-15.4706,350.2589,-1.094805,114.8798,-3.092791,124.6209,1.997986,124.6209,1.997986,0.1110281,236.3516,0.0399893,236.3116,236.3116
P01,2021-03-11 9:23:16 AM,17.83466,,,Controller,1,A,1,6,2,yes,dumpster (UnityEngine.AudioClip),-240.7053,10.73589,24.5117,-7.804039,6.22,-15.4706,350.2589,-1.094797,114.8413,-3.037516,124.5824,1.942718,124.5824,1.942718,0.1252392,236.3514,0.03998656,236.3114,236.3114
P01,2021-03-11 9:23:16 AM,17.84887,,,Controller,1,A,1,6,2,yes,dumpster (UnityEngine.AudioClip),-240.7051,10.73563,24.5116,-7.804039,6.22,-15.4706,350.259,-1.094736,114.7607,-3.058196,124.5017,1.96346,124.5017,1.96346,0.1388934,236.3511,0.03998892,236.3111,236.3111
P01,2021-03-11 9:23:16 AM,17.86253,,,Controller,1,A,1,6,2,yes,dumpster (UnityEngine.AudioClip),-240.7049,10.7353,24.51154,-7.804039,6.22,-15.4706,350.259,-1.094658,114.7562,-3.103082,124.4972,2.008424,124.4972,2.008424,0.1528633,236.351,0.03999062,236.311,236.311
P01,2021-03-11 9:23:16 AM,17.8765,,,Controller,1,A,1,6,2,yes,dumpster (UnityEngine.AudioClip),-240.7049,10.73495,24.51146,-7.804039,6.22,-15.4706,350.259,-1.094573,114.8354,-3.124404,124.5764,2.02983,124.5764,2.02983,0.1668867,236.351,0.03998812,236.311,236.311
P01,2021-03-11 9:23:16 AM,17.89052,,,Controller,1,A,1,6,2,yes,dumpster (UnityEngine.AudioClip),-240.7049,10.73453,24.51135,-7.804039,6.22,-15.4706,350.259,-1.094471,114.9235,-3.157833,124.6645,2.063362,124.6645,2.063362,0.1807811,236.351,0.0399908,236.311,236.311
P01,2021-03-11 9:23:16 AM,17.90441,,,Controller,1,A,1,6,2,yes,dumpster (UnityEngine.AudioClip),-240.7049,10.73388,24.51128,-7.804039,6.22,-15.4706,350.259,-1.094313,115.0016,-3.324126,124.7426,2.229813,124.7426,2.229813,0.1947956,236.3509,0.0399907,236.3109,236.3109
P01,2021-03-11 9:23:16 AM,17.91843,,,Controller,1,A,1,6,2,yes,dumpster (UnityEngine.AudioClip),-240.7047,10.73292,24.51123,-7.804039,6.22,-15.4706,350.259,-1.094081,114.9992,-3.578951,124.7402,2.48487,124.7402,2.48487,0.2322566,236.3507,0.03999276,236.3107,236.3107
P01,2021-03-11 9:23:16 AM,17.95589,,,Controller,1,A,1,6,2,yes,dumpster (UnityEngine.AudioClip),-240.7044,10.73192,24.51125,-7.804039,6.22,-15.4706,350.259,-1.09384,114.9566,-3.833925,124.6976,2.740085,124.6976,2.740085,0.237941,236.3503,0.0399931,236.3103,236.3103
P01,2021-03-11 9:23:16 AM,17.96157,,,Controller,1,A,1,6,2,yes,dumpster (UnityEngine.AudioClip),-240.7044,10.73144,24.51114,-7.804039,6.22,-15.4706,350.259,-1.093725,115.0794,-3.984742,124.8204,2.891017,124.8204,2.891017,0.2522305,236.3503,0.0399945,236.3103,236.3103
P01,2021-03-11 9:23:16 AM,17.97586,,,Controller,1,A,1,6,2,yes,dumpster (UnityEngine.AudioClip),-240.7047,10.73045,24.51093,-7.804039,6.22,-15.4706,350.2591,-1.093482,115.368,-4.316244,125.1089,3.222761,125.1089,3.222761,0.2727413,236.3506,0.03999129,236.3106,236.3106
P01,2021-03-11 9:23:16 AM,17.99637,,,Controller,1,A,1,6,2,yes,dumpster (UnityEngine.AudioClip),-240.7048,10.72995,24.51086,-7.804039,6.22,-15.4706,350.2591,-1.093361,115.4793,-4.544383,125.2202,3.451022,125.2202,3.451022,0.2795012,236.3507,0.03999012,236.3107,236.3107
P01,2021-03-11 9:23:16 AM,18.00313,,,Controller,1,A,1,6,2,yes,dumpster (UnityEngine.AudioClip),-240.7047,10.72935,24.51079,-7.804039,6.22,-15.4706,350.2592,-1.093216,115.5301,-4.744876,125.271,3.65166,125.271,3.65166,0.2945904,236.3506,0.03999218,236.3106,236.3106
P01,2021-03-11 9:23:16 AM,18.01822,,,Controller,1,A,1,6,2,yes,dumpster (UnityEngine.AudioClip),-240.7045,10.72891,24.51076,-7.804039,6.22,-15.4706,350.2592,-1.093111,115.4784,-4.83197,125.2192,3.738859,125.2192,3.738859,0.3083125,236.3503,0.03999448,236.3103,236.3103
P01,2021-03-11 9:23:16 AM,18.03194,,,Controller,1,A,1,6,2,yes,dumpster (UnityEngine.AudioClip),-240.7042,10.72858,24.51073,-7.804039,6.22,-15.4706,350.2591,-1.093034,115.4208,-4.874526,125.1617,3.781492,125.1617,3.781492,0.3216311,236.35,0.03999765,236.31,236.31
P01,2021-03-11 9:23:16 AM,18.04526,,,Controller,1,A,1,6,2,yes,dumpster (UnityEngine.AudioClip),-240.704,10.72826,24.5107,-7.804039,6.22,-15.4706,350.2591,-1.092957,115.3871,-4.919971,125.1279,3.827014,125.1279,3.827014,0.3351717,236.3498,0.04235249,236.3074,236.3074
P01,2021-03-11 9:23:16 AM,18.0588,,,Controller,1,A,1,6,2,yes,dumpster (UnityEngine.AudioClip),-240.7037,10.72803,24.51065,-7.804039,6.22,-15.4706,350.2591,-1.092901,115.3461,-4.935648,125.087,3.842747,125.087,3.842747,0.3487532,236.3495,0.06099549,236.2885,236.2885
P01,2021-03-11 9:23:16 AM,18.07239,,,Controller,1,A,1,6,2,yes,dumpster (UnityEngine.AudioClip),-240.7036,10.72782,24.51058,-7.804039,6.22,-15.4706,350.2592,-1.092852,115.3511,-4.959969,125.0919,3.867117,125.0919,3.867117,0.3623731,236.3493,0.1237178,236.2256,236.2256
P01,2021-03-11 9:23:16 AM,18.08601,,,Controller,1,A,1,6,2,yes,dumpster (UnityEngine.AudioClip),-240.7038,10.7274,24.51044,-7.804039,6.22,-15.4706,350.2592,-1.092749,115.5501,-5.091469,125.2909,3.99872,125.2909,3.99872,0.3758112,236.3495,0.2378912,236.1116,236.1116
P01,2021-03-11 9:23:16 AM,18.09944,,,Controller,1,A,1,6,2,yes,dumpster (UnityEngine.AudioClip),-240.7037,10.72692,24.51032,-7.804039,6.22,-15.4706,350.2592,-1.092634,115.627,-5.271641,125.3677,4.179007,125.3677,4.179007,0.3895893,236.3494,0.3984585,235.951,235.951
P01,2021-03-11 9:23:16 AM,18.11322,,,Controller,1,A,1,6,2,yes,dumpster (UnityEngine.AudioClip),-240.7037,10.72663,24.51023,-7.804039,6.22,-15.4706,350.2592,-1.092562,115.6734,-5.339521,125.4141,4.246959,125.4141,4.246959,0.403337,236.3493,0.5909665,235.7584,235.7584
P01,2021-03-11 9:23:16 AM,18.12697,,,Controller,1,A,1,6,2,yes,dumpster (UnityEngine.AudioClip),-240.7035,10.72633,24.51018,-7.804039,6.22,-15.4706,350.2592,-1.09249,115.682,-5.421375,125.4228,4.328884,125.4228,4.328884,0.4171231,236.3492,0.8042617,235.5449,235.5449
P01,2021-03-11 9:23:16 AM,18.14076,,,Controller,1,A,1,6,2,yes,dumpster (UnityEngine.AudioClip),-240.7033,10.72611,24.51016,-7.804039,6.22,-15.4706,350.2592,-1.092439,115.6626,-5.47002,125.4034,4.377581,125.4034,4.377581,0.430492,236.349,1.030711,235.3183,235.3183
P01,2021-03-11 9:23:16 AM,18.15413,,,Controller,1,A,1,6,2,yes,dumpster (UnityEngine.AudioClip),-240.7031,10.72587,24.51014,-7.804039,6.22,-15.4706,350.2592,-1.092382,115.6371,-5.531065,125.3779,4.438684,125.3779,4.438684,0.444358,236.3488,1.265421,235.0833,235.0833
P01,2021-03-11 9:23:16 AM,18.16799,,,Controller,1,A,1,6,2,yes,dumpster (UnityEngine.AudioClip),-240.7029,10.72569,24.51012,-7.804039,6.22,-15.4706,350.2592,-1.092339,115.6256,-5.546602,125.3664,4.454263,125.3664,4.454263,0.4580858,236.3485,1.505356,234.8432,234.8432
P01,2021-03-11 9:23:16 AM,18.18172,,,Controller,1,A,1,6,2,yes,dumpster (UnityEngine.AudioClip),-240.7027,10.72557,24.51011,-7.804039,6.22,-15.4706,350.2592,-1.09231,115.6041,-5.532473,125.3449,4.440163,125.3449,4.440163,0.4718808,236.3483,1.748595,234.5997,234.5997
P01,2021-03-11 9:23:16 AM,18.19551,,,Controller,1,A,1,6,2,yes,dumpster (UnityEngine.AudioClip),-240.7025,10.72547,24.51011,-7.804039,6.22,-15.4706,350.2592,-1.092287,115.6009,-5.519254,125.3417,4.426968,125.3417,4.426968,0.4858187,236.3482,1.993979,234.3542,234.3542
P01,2021-03-11 9:23:16 AM,18.20945,,,Controller,1,A,1,6,2,yes,dumpster (UnityEngine.AudioClip),-240.7023,10.72535,24.51008,-7.804039,6.22,-15.4706,350.2592,-1.092258,115.5969,-5.528021,125.3377,4.435763,125.3377,4.435763,0.4995689,236.348,2.24077,234.1072,234.1072
P01,2021-03-11 9:23:16 AM,18.2232,,,Controller,1,A,1,6,2,yes,dumpster (UnityEngine.AudioClip),-240.7022,10.72517,24.51006,-7.804039,6.22,-15.4706,350.2592,-1.092216,115.6069,-5.567797,125.3477,4.47558,125.3477,4.47558,0.5134903,236.3478,2.488504,233.8593,233.8593
P01,2021-03-11 9:23:16 AM,18.23712,,,Controller,1,A,1,6,2,yes,dumpster (UnityEngine.AudioClip),-240.702,10.72501,24.51004,-7.804039,6.22,-15.4706,350.2592,-1.092179,115.5878,-5.611402,125.3286,4.519223,125.3286,4.519223,0.5274405,236.3476,2.736875,233.6107,233.6107
P01,2021-03-11 9:23:16 AM,18.25107,,,Controller,1,A,1,6,2,yes,dumpster (UnityEngine.AudioClip),-240.7018,10.72496,24.51002,-7.804039,6.22,-15.4706,350.2592,-1.092168,115.5667,-5.588338,125.3075,4.49617,125.3075,4.49617,0.5415131,236.3474,2.985684,233.3617,233.3617
P01,2021-03-11 9:23:16 AM,18.26515,,,Controller,1,A,1,6,2,yes,dumpster (UnityEngine.AudioClip),-240.7017,10.72498,24.50998,-7.804039,6.22,-15.4706,350.2592,-1.092173,115.5591,-5.533525,125.2999,4.441352,125.2999,4.441352,0.5552621,236.3473,3.234786,233.1125,233.1125
P01,2021-03-11 9:23:16 AM,18.27889,,,Controller,1,A,1,6,2,yes,dumpster (UnityEngine.AudioClip),-240.7016,10.72494,24.50991,-7.804039,6.22,-15.4706,350.2592,-1.092164,115.5581,-5.507253,125.2989,4.415089,125.2989,4.415089,0.569307,236.3472,3.484107,232.8631,232.8631
P01,2021-03-11 9:23:16 AM,18.29294,,,Controller,1,A,1,6,2,yes,dumpster (UnityEngine.AudioClip),-240.7014,10.7248,24.50988,-7.804039,6.22,-15.4706,350.2592,-1.09213,115.5379,-5.546612,125.2787,4.454482,125.2787,4.454482,0.5830886,236.347,3.733577,232.6135,232.6135
P01,2021-03-11 9:23:17 AM,18.30672,,,Controller,1,A,1,6,2,yes,dumpster (UnityEngine.AudioClip),-240.7013,10.72461,24.50987,-7.804039,6.22,-15.4706,350.2592,-1.092083,115.5115,-5.606161,125.2523,4.514078,125.2523,4.514078,0.5972096,236.347,3.98316,232.3638,232.3638
P01,2021-03-11 9:23:17 AM,18.32084,,,Controller,1,A,1,6,2,yes,dumpster (UnityEngine.AudioClip),-240.7012,10.72442,24.50985,-7.804039,6.22,-15.4706,350.2592,-1.09204,115.4801,-5.651857,125.2208,4.559817,125.2208,4.559817,0.6110502,236.3468,4.232826,232.114,232.114
P01,2021-03-11 9:23:17 AM,18.33468,,,Controller,1,A,1,6,2,yes,dumpster (UnityEngine.AudioClip),-240.7012,10.72431,24.50981,-7.804039,6.22,-15.4706,350.2592,-1.092011,115.4807,-5.663777,125.2215,4.571766,125.2215,4.571766,0.6248257,236.3468,4.48255,231.8643,231.8643
P01,2021-03-11 9:23:17 AM,18.34846,,,Controller,1,A,1,6,2,yes,dumpster (UnityEngine.AudioClip),-240.7012,10.7242,24.50974,-7.804039,6.22,-15.4706,350.2592,-1.091985,115.4921,-5.665529,125.2328,4.573544,125.2328,4.573544,0.6388054,236.3467,4.732328,231.6144,231.6144
P01,2021-03-11 9:23:17 AM,18.36244,,,Controller,1,A,1,6,2,yes,dumpster (UnityEngine.AudioClip),-240.7011,10.72413,24.50967,-7.804039,6.22,-15.4706,350.2593,-1.091968,115.4907,-5.664584,125.2314,4.572616,125.2314,4.572616,0.6527458,236.3467,4.982139,231.3646,231.3646
P01,2021-03-11 9:23:17 AM,18.37638,,,Controller,1,A,1,6,2,yes,dumpster (UnityEngine.AudioClip),-240.7011,10.72408,24.50961,-7.804039,6.22,-15.4706,350.2593,-1.091957,115.471,-5.652038,125.2117,4.560081,125.2117,4.560081,0.6667902,236.3467,5.231977,231.1147,231.1147
P01,2021-03-11 9:23:17 AM,18.39042,,,Controller,1,A,1,6,2,yes,dumpster (UnityEngine.AudioClip),-240.701,10.72398,24.50953,-7.804039,6.22,-15.4706,350.2593,-1.091934,115.4409,-5.671196,125.1816,4.579263,125.1816,4.579263,0.6804823,236.3466,5.481839,230.8647,230.8647
P01,2021-03-11 9:23:17 AM,18.40411,,,Controller,1,A,1,6,2,yes,dumpster (UnityEngine.AudioClip),-240.701,10.72395,24.50944,-7.804039,6.22,-15.4706,350.2593,-1.091926,115.4353,-5.675159,125.176,4.583234,125.176,4.583234,0.6946383,236.3465,5.731719,230.6148,230.6148
P01,2021-03-11 9:23:17 AM,18.41827,,,Controller,1,A,1,6,2,yes,dumpster (UnityEngine.AudioClip),-240.701,10.72392,24.50932,-7.804039,6.22,-15.4706,350.2593,-1.09192,115.4407,-5.679996,125.1813,4.588077,125.1813,4.588077,0.7086899,236.3466,5.981611,230.3649,230.3649
P01,2021-03-11 9:23:17 AM,18.43232,,,Controller,1,A,1,6,2,yes,dumpster (UnityEngine.AudioClip),-240.701,10.72387,24.50917,-7.804039,6.22,-15.4706,350.2594,-1.091908,115.4339,-5.708804,125.1745,4.616896,125.1745,4.616896,0.7226265,236.3465,6.231519,230.115,230.115
P01,2021-03-11 9:23:17 AM,18.44626,,,Controller,1,A,1,6,2,yes,dumpster (UnityEngine.AudioClip),-240.701,10.72389,24.50907,-7.804039,6.22,-15.4706,350.2594,-1.091912,115.4075,-5.6917,125.1481,4.599789,125.1481,4.599789,0.7362949,236.3465,6.481434,229.865,229.865
P01,2021-03-11 9:23:17 AM,18.45993,,,Controller,1,A,1,6,2,yes,dumpster (UnityEngine.AudioClip),-240.7009,10.72394,24.509,-7.804039,6.22,-15.4706,350.2594,-1.091925,115.3686,-5.663131,125.1092,4.571206,125.1092,4.571206,0.7504845,236.3464,6.731356,229.615,229.615
P01,2021-03-11 9:23:17 AM,18.47412,,,Controller,1,A,1,6,2,yes,dumpster (UnityEngine.AudioClip),-240.7009,10.7241,24.50891,-7.804039,6.22,-15.4706,350.2594,-1.091963,115.33,-5.579364,125.0706,4.487401,125.0706,4.487401,0.7643939,236.3463,6.981281,229.365,229.365
P01,2021-03-11 9:23:17 AM,18.48803,,,Controller,1,A,1,6,2,yes,dumpster (UnityEngine.AudioClip),-240.7008,10.72432,24.50882,-7.804039,6.22,-15.4706,350.2595,-1.092017,115.3097,-5.480751,125.0503,4.388734,125.0503,4.388734,0.7781077,236.3463,7.231208,229.1151,229.1151
P01,2021-03-11 9:23:17 AM,18.50174,,,Controller,1,A,1,6,2,yes,dumpster (UnityEngine.AudioClip),-240.7009,10.72445,24.50873,-7.804039,6.22,-15.4706,350.2595,-1.092047,115.3434,-5.447141,125.0839,4.355094,125.0839,4.355094,0.7920341,236.3463,7.481133,228.8652,228.8652
P01,2021-03-11 9:23:17 AM,18.51567,,,Controller,1,A,1,6,2,yes,dumpster (UnityEngine.AudioClip),-240.7011,10.72443,24.50863,-7.804039,6.22,-15.4706,350.2595,-1.092041,115.4215,-5.509478,125.162,4.417437,125.162,4.417437,0.8059112,236.3465,7.731055,228.6155,228.6155
P01,2021-03-11 9:23:17 AM,18.52954,,,Controller,1,A,1,6,2,yes,dumpster (UnityEngine.AudioClip),-240.7012,10.72445,24.50865,-7.804039,6.22,-15.4706,350.2595,-1.092046,115.4237,-5.540987,125.1642,4.448941,125.1642,4.448941,0.8199757,236.3466,7.980963,228.3656,228.3656
P01,2021-03-11 9:23:17 AM,18.54361,,,Controller,1,A,1,6,2,yes,dumpster (UnityEngine.AudioClip),-240.7012,10.72457,24.5087,-7.804039,6.22,-15.4706,350.2595,-1.092075,115.3837,-5.512411,125.1242,4.420335,125.1242,4.420335,0.8345218,236.3466,8.230855,228.1157,228.1157
P01,2021-03-11 9:23:17 AM,18.55815,,,Controller,1,A,1,6,2,yes,dumpster (UnityEngine.AudioClip),-240.7011,10.72481,24.50881,-7.804039,6.22,-15.4706,350.2595,-1.092136,115.3112,-5.428627,125.0517,4.336491,125.0517,4.336491,0.8482271,236.3465,8.480731,227.8658,227.8658
P01,2021-03-11 9:23:17 AM,18.57186,,,Controller,1,A,1,6,2,yes,dumpster (UnityEngine.AudioClip),-240.701,10.72504,24.50891,-7.804039,6.22,-15.4706,350.2594,-1.092191,115.2387,-5.347694,124.9792,4.255503,124.9792,4.255503,0.8620018,236.3465,8.727456,227.619,227.619
P01,2021-03-11 9:23:17 AM,18.58563,,,Controller,1,A,1,6,2,yes,dumpster (UnityEngine.AudioClip),-240.701,10.72527,24.50898,-7.804039,6.22,-15.4706,350.2594,-1.092246,115.2313,-5.279607,124.9718,4.187361,124.9718,4.187361,0.8758524,236.3465,8.968708,227.3778,227.3778
P01,2021-03-11 9:23:17 AM,18.59949,,,Controller,1,A,1,6,2,yes,dumpster (UnityEngine.AudioClip),-240.7012,10.72546,24.50895,-7.804039,6.22,-15.4706,350.2594,-1.092291,115.3091,-5.234483,125.0497,4.142192,125.0497,4.142192,0.8895207,236.3467,9.193382,227.1533,227.1533
P01,2021-03-11 9:23:17 AM,18.61315,,,Controller,1,A,1,6,2,yes,dumpster (UnityEngine.AudioClip),-240.7013,10.72565,24.50894,-7.804039,6.22,-15.4706,350.2595,-1.092338,115.3552,-5.198534,125.0958,4.106196,125.0958,4.106196,0.903564,236.3468,9.397931,226.9489,226.9489
P01,2021-03-11 9:23:17 AM,18.6272,,,Controller,1,A,1,6,2,yes,dumpster (UnityEngine.AudioClip),-240.7014,10.72577,24.50892,-7.804039,6.22,-15.4706,350.2595,-1.092365,115.3884,-5.178871,125.1289,4.086506,125.1289,4.086506,0.9174536,236.3468,9.564919,226.7819,226.7819
P01,2021-03-11 9:23:17 AM,18.64109,,,Controller,1,A,1,6,2,yes,dumpster (UnityEngine.AudioClip),-240.7014,10.72587,24.50891,-7.804039,6.22,-15.4706,350.2595,-1.092389,115.3915,-5.155343,125.1321,4.062953,125.1321,4.062953,0.9314898,236.3469,9.691953,226.6549,226.6549
P01,2021-03-11 9:23:17 AM,18.65512,,,Controller,1,A,1,6,2,yes,dumpster (UnityEngine.AudioClip),-240.7013,10.72594,24.50894,-7.804039,6.22,-15.4706,350.2595,-1.092407,115.3414,-5.164057,125.0819,4.07165,125.0819,4.07165,0.9454623,236.3468,9.784499,226.5623,226.5623
P01,2021-03-11 9:23:17 AM,18.6691,,,Controller,1,A,1,6,2,yes,dumpster (UnityEngine.AudioClip),-240.7012,10.726,24.50898,-7.804039,6.22,-15.4706,350.2594,-1.092422,115.2807,-5.146031,125.0213,4.05361,125.0213,4.05361,0.9592881,236.3467,9.842748,226.504,226.504
P01,2021-03-11 9:23:17 AM,18.68292,,,Controller,1,A,1,6,2,yes,dumpster (UnityEngine.AudioClip),-240.7012,10.72607,24.50901,-7.804039,6.22,-15.4706,350.2594,-1.092439,115.252,-5.112728,124.9926,4.020289,124.9926,4.020289,0.9733518,236.3467,9.878446,226.4683,226.4683
P01,2021-03-11 9:23:17 AM,18.69699,,,Controller,1,A,1,6,2,yes,dumpster (UnityEngine.AudioClip),-240.7012,10.72613,24.50905,-7.804039,6.22,-15.4706,350.2594,-1.092454,115.2343,-5.093389,124.9749,4.000935,124.9749,4.000935,0.9872686,236.3467,9.899727,226.447,226.447
P01,2021-03-11 9:23:17 AM,18.7109,,,Controller,1,A,1,6,2,yes,dumpster (UnityEngine.AudioClip),-240.7012,10.72621,24.50908,-7.804039,6.22,-15.4706,350.2594,-1.092472,115.2192,-5.071954,124.9597,3.979482,124.9597,3.979482,1.001289,236.3467,9.911943,226.4348,226.4348
P01,2021-03-11 9:23:17 AM,18.72492,,,Controller,1,A,1,6,2,yes,dumpster (UnityEngine.AudioClip),-240.7012,10.72625,24.50908,-7.804039,6.22,-15.4706,350.2594,-1.092483,115.1945,-5.035975,124.9351,3.943492,124.9351,3.943492,1.015103,236.3467,9.918498,226.4282,226.4282
P01,2021-03-11 9:23:17 AM,18.73874,,,Controller,1,A,1,6,2,yes,dumpster (UnityEngine.AudioClip),-240.701,10.72629,24.50911,-7.804039,6.22,-15.4706,350.2594,-1.092492,115.1333,-5.016686,124.8739,3.924194,124.8739,3.924194,1.029055,236.3466,9.921527,226.425,226.425
P01,2021-03-11 9:23:17 AM,18.75269,,,Controller,1,A,1,6,2,yes,dumpster (UnityEngine.AudioClip),-240.701,10.72626,24.50911,-7.804039,6.22,-15.4706,350.2594,-1.092485,115.1252,-5.03306,124.8658,3.940575,124.8658,3.940575,1.042867,236.3465,9.922424,226.4241,226.4241
P01,2021-03-11 9:23:17 AM,18.7665,,,Controller,1,A,1,6,2,yes,dumpster (UnityEngine.AudioClip),-240.701,10.7262,24.5091,-7.804039,6.22,-15.4706,350.2594,-1.092472,115.1538,-5.06399,124.8944,3.971518,124.8944,3.971518,1.056929,236.3466,9.92243,226.4241,226.4241
P01,2021-03-11 9:23:17 AM,18.78056,,,Controller,1,A,1,6,2,yes,dumpster (UnityEngine.AudioClip),-240.7011,10.72613,24.50909,-7.804039,6.22,-15.4706,350.2594,-1.092454,115.172,-5.104578,124.9126,4.012125,124.9126,4.012125,1.070919,236.3466,9.922432,226.4242,226.4242
P01,2021-03-11 9:23:17 AM,18.79455,,,Controller,1,A,1,6,2,yes,dumpster (UnityEngine.AudioClip),-240.701,10.72615,24.50912,-7.804039,6.22,-15.4706,350.2594,-1.09246,115.1511,-5.087034,124.8917,3.994574,124.8917,3.994574,1.08477,236.3466,9.92243,226.4241,226.4241
P01,2021-03-11 9:23:17 AM,18.8084,,,Controller,1,A,1,6,2,yes,dumpster (UnityEngine.AudioClip),-240.7009,10.72617,24.50916,-7.804039,6.22,-15.4706,350.2594,-1.092466,115.0999,-5.073266,124.8405,3.980801,124.8405,3.980801,1.098814,236.3465,9.922428,226.4241,226.4241
P01,2021-03-11 9:23:17 AM,18.82245,,,Controller,1,A,1,6,2,yes,dumpster (UnityEngine.AudioClip),-240.7009,10.72618,24.50917,-7.804039,6.22,-15.4706,350.2594,-1.092468,115.0855,-5.078917,124.8261,3.986449,124.8261,3.986449,1.112626,236.3464,9.922427,226.424,226.424
P01,2021-03-11 9:23:17 AM,18.83626,,,Controller,1,A,1,6,2,yes,dumpster (UnityEngine.AudioClip),-240.7009,10.72616,24.50913,-7.804039,6.22,-15.4706,350.2594,-1.092462,115.1276,-5.098399,124.8683,4.005937,124.8683,4.005937,1.126673,236.3465,9.922423,226.4241,226.4241
P01,2021-03-11 9:23:17 AM,18.85031,,,Controller,1,A,1,6,2,yes,dumpster (UnityEngine.AudioClip),-240.701,10.72618,24.50907,-7.804039,6.22,-15.4706,350.2594,-1.092466,115.1789,-5.095625,124.9195,4.00316,124.9195,4.00316,1.140454,236.3465,9.922424,226.4241,226.4241
P01,2021-03-11 9:23:17 AM,18.86409,,,Controller,1,A,1,6,2,yes,dumpster (UnityEngine.AudioClip),-240.7011,10.72624,24.509,-7.804039,6.22,-15.4706,350.2594,-1.092481,115.2319,-5.066123,124.9725,3.973643,124.9725,3.973643,1.154646,236.3466,9.922425,226.4241,226.4241
P01,2021-03-11 9:23:17 AM,18.87828,,,Controller,1,A,1,6,2,yes,dumpster (UnityEngine.AudioClip),-240.7011,10.72628,24.50893,-7.804039,6.22,-15.4706,350.2594,-1.09249,115.2638,-5.062561,125.0043,3.97007,125.0043,3.97007,1.16837,236.3466,9.922423,226.4242,226.4242
P01,2021-03-11 9:23:17 AM,18.892,,,Controller,1,A,1,6,2,yes,dumpster (UnityEngine.AudioClip),-240.7012,10.7263,24.50886,-7.804039,6.22,-15.4706,350.2595,-1.092494,115.3148,-5.066266,125.0554,3.973771,125.0554,3.973771,1.182585,236.3466,9.922421,226.4242,226.4242
P01,2021-03-11 9:23:17 AM,18.90622,,,Controller,1,A,1,6,2,yes,dumpster (UnityEngine.AudioClip),-240.7012,10.7264,24.50878,-7.804039,6.22,-15.4706,350.2595,-1.09252,115.3628,-5.037764,125.1033,3.945243,125.1033,3.945243,1.196436,236.3467,9.922418,226.4242,226.4242
P01,2021-03-11 9:23:17 AM,18.92007,,,Controller,1,A,1,6,2,yes,dumpster (UnityEngine.AudioClip),-240.7012,10.72651,24.50873,-7.804039,6.22,-15.4706,350.2595,-1.092546,115.396,-4.997627,125.1365,3.905081,125.1365,3.905081,1.210231,236.3467,9.92242,226.4242,226.4242
P01,2021-03-11 9:23:17 AM,18.93387,,,Controller,1,A,1,6,2,yes,dumpster (UnityEngine.AudioClip),-240.7011,10.72658,24.50872,-7.804039,6.22,-15.4706,350.2595,-1.092564,115.4065,-4.9736,125.147,3.881037,125.147,3.881037,1.224125,236.3466,9.92242,226.4242,226.4242
P01,2021-03-11 9:23:17 AM,18.94776,,,Controller,1,A,1,6,2,yes,dumpster (UnityEngine.AudioClip),-240.701,10.72659,24.50877,-7.804039,6.22,-15.4706,350.2595,-1.092566,115.3704,-4.98667,125.1109,3.894104,125.1109,3.894104,1.238419,236.3465,9.922421,226.4241,226.4241
P01,2021-03-11 9:23:17 AM,18.96205,,,Controller,1,A,1,6,2,yes,dumpster (UnityEngine.AudioClip),-240.7009,10.72662,24.50886,-7.804039,6.22,-15.4706,350.2595,-1.092574,115.3094,-4.997097,125.05,3.904523,125.05,3.904523,1.252217,236.3464,9.922421,226.424,226.424
P01,2021-03-11 9:23:17 AM,18.97585,,,Controller,1,A,1,6,2,yes,dumpster (UnityEngine.AudioClip),-240.7008,10.7267,24.50895,-7.804039,6.22,-15.4706,350.2594,-1.092594,115.2811,-4.983065,125.0217,3.890471,125.0217,3.890471,1.266338,236.3463,9.922419,226.4239,226.4239
P01,2021-03-11 9:23:17 AM,18.98997,,,Controller,1,A,1,6,2,yes,dumpster (UnityEngine.AudioClip),-240.7007,10.72679,24.50901,-7.804039,6.22,-15.4706,350.2594,-1.092615,115.2746,-4.972275,125.0152,3.87966,125.0152,3.87966,1.279881,236.3463,9.92242,226.4238,226.4238
P01,2021-03-11 9:23:17 AM,19.00352,,,Controller,1,A,1,6,2,yes,dumpster (UnityEngine.AudioClip),-240.7008,10.72689,24.50905,-7.804039,6.22,-15.4706,350.2594,-1.09264,115.3253,-4.96318,125.0659,3.87054,125.0659,3.87054,1.293946,236.3463,9.922415,226.4239,226.4239
P01,2021-03-11 9:23:17 AM,19.01758,,,Controller,1,A,1,6,2,yes,dumpster (UnityEngine.AudioClip),-240.7008,10.72697,24.50907,-7.804039,6.22,-15.4706,350.2594,-1.092659,115.384,-4.967161,125.1246,3.874502,125.1246,3.874502,1.307917,236.3464,9.922416,226.424,226.424
P01,2021-03-11 9:23:17 AM,19.03155,,,Controller,1,A,1,6,2,yes,dumpster (UnityEngine.AudioClip),-240.7008,10.72712,24.50911,-7.804039,6.22,-15.4706,350.2594,-1.092695,115.4056,-4.930811,125.1462,3.838116,125.1462,3.838116,1.321727,236.3464,9.92242,226.424,226.424
P01,2021-03-11 9:23:17 AM,19.04536,,,Controller,1,A,1,6,2,yes,dumpster (UnityEngine.AudioClip),-240.7008,10.72724,24.50916,-7.804039,6.22,-15.4706,350.2594,-1.092724,115.3916,-4.894654,125.1322,3.80193,125.1322,3.80193,1.335624,236.3463,9.922419,226.4239,226.4239
P01,2021-03-11 9:23:17 AM,19.05926,,,Controller,1,A,1,6,2,yes,dumpster (UnityEngine.AudioClip),-240.7007,10.72737,24.50924,-7.804039,6.22,-15.4706,350.2593,-1.092757,115.3647,-4.852036,125.1053,3.759279,125.1053,3.759279,1.349661,236.3463,9.922419,226.4239,226.4239
P01,2021-03-11 9:23:17 AM,19.0733,,,Controller,1,A,1,6,2,yes,dumpster (UnityEngine.AudioClip),-240.7007,10.72743,24.5093,-7.804039,6.22,-15.4706,350.2593,-1.092771,115.356,-4.827751,125.0967,3.73498,125.0967,3.73498,1.363501,236.3463,9.92242,226.4238,226.4238
P01,2021-03-11 9:23:17 AM,19.08714,,,Controller,1,A,1,6,2,yes,dumpster (UnityEngine.AudioClip),-240.7007,10.72743,24.50935,-7.804039,6.22,-15.4706,350.2593,-1.092772,115.3451,-4.84865,125.0858,3.755878,125.0858,3.755878,1.37768,236.3463,9.92242,226.4238,226.4238
P01,2021-03-11 9:23:17 AM,19.10131,,,Controller,1,A,1,6,2,yes,dumpster (UnityEngine.AudioClip),-240.7007,10.72743,24.50936,-7.804039,6.22,-15.4706,350.2593,-1.092772,115.3642,-4.858439,125.1049,3.765667,125.1049,3.765667,1.391406,236.3463,9.922419,226.4239,226.4239
P01,2021-03-11 9:23:17 AM,19.11504,,,Controller,1,A,1,6,2,yes,dumpster (UnityEngine.AudioClip),-240.7007,10.7275,24.50933,-7.804039,6.22,-15.4706,350.2593,-1.092789,115.3962,-4.828279,125.1368,3.73549,125.1368,3.73549,1.405335,236.3463,9.922417,226.4239,226.4239
P01,2021-03-11 9:23:17 AM,19.12897,,,Controller,1,A,1,6,2,yes,dumpster (UnityEngine.AudioClip),-240.7007,10.7276,24.50929,-7.804039,6.22,-15.4706,350.2593,-1.092812,115.4013,-4.784257,125.1419,3.691446,125.1419,3.691446,1.419359,236.3463,9.922419,226.4239,226.4239
P01,2021-03-11 9:23:17 AM,19.14299,,,Controller,1,A,1,6,2,yes,dumpster (UnityEngine.AudioClip),-240.7007,10.72767,24.50925,-7.804039,6.22,-15.4706,350.2593,-1.092829,115.4048,-4.746525,125.1455,3.653696,125.1455,3.653696,1.43323,236.3463,9.922421,226.4239,226.4239
P01,2021-03-11 9:23:17 AM,19.15687,,,Controller,1,A,1,6,2,yes,dumpster (UnityEngine.AudioClip),-240.7007,10.72774,24.50921,-7.804039,6.22,-15.4706,350.2594,-1.092846,115.4087,-4.718221,125.1493,3.625376,125.1493,3.625376,1.447286,236.3463,9.922424,226.4239,226.4239
P01,2021-03-11 9:23:17 AM,19.17092,,,Controller,1,A,1,6,2,yes,dumpster (UnityEngine.AudioClip),-240.701,10.72772,24.50922,-7.804039,6.22,-15.4706,350.2594,-1.092839,115.5287,-4.693922,125.2693,3.601083,125.2693,3.601083,1.461268,236.3465,9.922423,226.4241,226.4241
P01,2021-03-11 9:23:17 AM,19.1849,,,Controller,1,A,1,6,2,yes,dumpster (UnityEngine.AudioClip),-240.701,10.72759,24.5092,-7.804039,6.22,-15.4706,350.2594,-1.092808,115.5149,-4.767153,125.2556,3.674345,125.2556,3.674345,1.475268,236.3465,9.922425,226.4241,226.4241
